Title,Status,Rating,Date
Casanova,inqueue,0.0,
The OH in Ohio,inqueue,0.0,
Wild Nights with Emily,inqueue,0.0,
Girl Most Likely,inqueue,0.0,
Killer Joe,inqueue,0.0,
Hellbenders,inqueue,0.0,
The Prince of Pennsylvania,inqueue,0.0,
Nausicaa of the Valley of the Wind,inqueue,0.0,
A Simple Favor,inqueue,0.0,
Thoroughbreds,inqueue,0.0,
Prince Avalanche,inqueue,0.0,
Wanderlust,inqueue,0.0,
Locke,inqueue,0.0,
The Man Who Killed Don Quixote,inqueue,0.0,
Mardi Gras: Spring Break,inqueue,0.0,
Road to Paloma,inqueue,0.0,
One Day,inqueue,0.0,
Breathe,inqueue,0.0,
Yes God Yes,inqueue,0.0,
The Switch,inqueue,0.0,
My Man Is a Loser,inqueue,0.0,
Little Italy,inqueue,0.0,
Can't Buy Me Love,inqueue,0.0,
24 Hour Party People,inqueue,0.0,
Miss Fisher and the Crypt of Tears,inqueue,0.0,
Big Night,inqueue,0.0,
Heist,inqueue,0.0,
Date and Switch,inqueue,0.0,
Slaughterhouse Rulez,inqueue,0.0,
London,inqueue,0.0,
Nekrotronic,inqueue,0.0,
Sing Street,inqueue,0.0,
Live by Night,inqueue,0.0,
Mayhem,inqueue,0.0,
Cat Run,inqueue,0.0,
What If,inqueue,0.0,
Sleeping with Other People,inqueue,0.0,
Get a Job,inqueue,0.0,
Pump Up the Volume,inqueue,0.0,
Juliet Naked,inqueue,0.0,
One Night in Miami...,inqueue,0.0,
The Initiation of Sarah,inqueue,0.0,
Imagine Me & You,inqueue,0.0,
House of D,inqueue,0.0,
HappyThankYouMorePlease,inqueue,0.0,
Miss Meadows,inqueue,0.0,
Operation Fortune: Ruse de guerre,inqueue,0.0,
Baggage Claim,inqueue,0.0,
Digging for Fire,rented,0.0,09/28/2023
St. Trinian's: The Legend of Fritton's Gold,rented,5.0,09/13/2023
Venus,rented,0.0,08/29/2023
Beginners,rented,2.0,07/26/2023
Ready or Not,rented,4.0,07/6/2023
Dangerous Liaisons,rented,3.0,06/20/2023
Booksmart,rented,4.0,06/6/2023
But I'm a Cheerleader,rented,3.0,05/15/2023
Victory,rented,3.0,05/2/2023
She Hate Me,rented,0.0,02/14/2023
Once Upon a Time in Hollywood,rented,2.0,01/27/2023
Two Night Stand,rented,5.0,12/13/2022
The Reunion,rented,4.0,11/29/2022
Werewolves Within,rented,4.0,10/25/2022
Good Time,rented,2.0,10/12/2022
What's Love Got to Do with It,rented,2.0,09/7/2022
Liquid Bridge,rented,1.0,08/29/2022
The Thing,rented,3.0,08/22/2022
The Ice Pirates,rented,2.0,08/4/2022
Youth in Revolt,rented,5.0,06/7/2022
Electric Boogaloo: The Wild Untold Story of Cannon Films,rented,2.0,06/1/2022
Multiplicity,rented,3.0,05/24/2022
The To Do List,rented,3.0,05/17/2022
Happily,rented,3.0,05/3/2022
Hell Comes to Frogtown,rented,2.0,04/25/2022
Big Bear,rented,3.0,04/20/2022
How Stella Got Her Groove Back,rented,3.0,03/29/2022
The Station Agent,rented,3.0,03/1/2022
Melancholia,rented,1.0,02/1/2022
The Layover,rented,3.0,01/18/2022
The Darkest Minds,rented,3.0,01/10/2022
Jay and Silent Bob Reboot,rented,4.0,01/5/2022
The Dead Don't Die,rented,2.0,11/30/2021
Kajillionaire,rented,3.0,11/16/2021
Extra Ordinary,rented,4.0,11/9/2021
Cockneys vs Zombies,rented,3.0,10/28/2021
Hearts Beat Loud,rented,3.0,08/31/2021
Rock of Ages,rented,3.0,08/18/2021
The Paperboy,rented,2.0,07/23/2021
Good Kids,rented,4.0,07/16/2021
Rock the Kasbah,rented,2.0,07/1/2021
The Computer Wore Tennis Shoes,rented,3.0,06/21/2021
Don Peyote,rented,2.0,05/24/2021
St. Trinian's,rented,4.0,05/14/2021
The Wedding Guest,rented,3.0,04/26/2021
Gravy,rented,3.0,04/20/2021
Northern Exposure Season 1 Disc 1,rented,0.0,04/5/2021
Mandy,rented,2.0,03/30/2021
Love and Other Drugs,rented,2.0,03/23/2021
The Vicious Kind,rented,1.0,03/16/2021
Black Swan,rented,2.0,02/17/2021
Every Which Way But Loose,rented,3.0,02/10/2021
A Star Is Born,rented,3.0,01/26/2021
They Came Together,rented,5.0,01/6/2021
Shakespeare Retold  1 Disc 1,rented,3.0,12/28/2020
The Debt,rented,3.0,12/8/2020
3 Geezers!,rented,1.0,12/2/2020
First Man,rented,3.0,11/24/2020
The Lion King,rented,3.0,11/17/2020
The Dark Tower,rented,2.0,11/9/2020
The Lookout,rented,3.0,10/14/2020
Crash Pad,rented,4.0,10/6/2020
The BFG,rented,3.0,09/24/2020
Criminal,rented,2.0,09/15/2020
Quick Change,rented,4.0,09/1/2020
Fast Color,rented,5.0,08/25/2020
Jackie,rented,2.0,08/11/2020
Before Midnight,rented,3.0,07/7/2020
Cool Hand Luke,rented,3.0,06/9/2020
How to Train Your Dragon: The Hidden World,rented,3.0,06/2/2020
Ned Kelly,rented,4.0,05/22/2020
Better Luck Tomorrow,rented,2.0,04/13/2020
Dave Chappelle's Block Party,rented,2.0,04/7/2020
Sisters,rented,3.0,03/25/2020
Dazed and Confused,rented,3.0,03/17/2020
Space Station 76,rented,2.0,03/10/2020
Attack the Block,rented,4.0,03/3/2020
Over the Top,rented,3.0,01/27/2020
Spartacus,rented,4.0,01/7/2020
Unfinished Business,rented,3.0,12/26/2019
Murder on the Orient Express,rented,0.0,11/22/2019
Izzy Gets the F*ck Across Town,rented,3.0,11/8/2019
Crimson Peak,rented,2.0,10/9/2019
Destination Wedding,rented,3.0,09/20/2019
Scotland PA,rented,3.0,09/11/2019
Gentlemen Broncos,rented,2.0,09/4/2019
Camp,rented,2.0,08/23/2019
10 Years,rented,0.0,08/15/2019
American Reunion,rented,5.0,08/8/2019
Osmosis Jones,rented,0.0,07/8/2019
FDR: American Badass,rented,4.0,06/19/2019
Every Which Way But Loose,rented,3.0,05/21/2019
Wayne's World,rented,4.0,05/13/2019
The Jerk,rented,4.0,04/9/2019
Lost in La Mancha,rented,2.0,03/25/2019
Congo,rented,3.0,03/19/2019
All Nighter,rented,3.0,03/11/2019
The Meg,rented,3.0,03/5/2019
The Woman,rented,1.0,02/21/2019
The Hero,rented,3.0,02/15/2019
Meatballs,rented,3.0,02/12/2019
Son of the Beach: Vol. 1: Disc 1,rented,0.0,01/23/2019
The Great Escape,rented,4.0,12/4/2018
Spies Like Us,rented,5.0,11/27/2018
Looper,rented,4.0,11/14/2018
The Last Stand,rented,4.0,11/8/2018
A Good Old Fashioned Orgy,rented,5.0,10/31/2018
Conan the Barbarian,rented,3.0,10/25/2018
The Maltese Falcon,rented,4.0,10/1/2018
Power Rangers,rented,0.0,09/18/2018
MacGruber,rented,2.0,09/10/2018
The War Room,rented,3.0,09/5/2018
The Poseidon Adventure,rented,3.0,08/31/2018
Buffy the Vampire Slayer: The Movie,rented,5.0,08/28/2018
Lesbian Vampire Killers,rented,2.0,08/20/2018
St. Elmo's Fire,rented,2.0,08/6/2018
Split,rented,4.0,08/3/2018
The Raid: Redemption,rented,3.0,07/25/2018
Resident Evil: The Final Chapter,rented,0.0,07/16/2018
T2: Trainspotting,rented,0.0,07/12/2018
My Life as a Zucchini,rented,0.0,06/19/2018
Fist Fight,rented,4.0,06/13/2018
Brick,rented,5.0,06/7/2018
Green Street Hooligans,rented,3.0,05/31/2018
Hell or High Water,rented,5.0,05/22/2018
Being There,rented,0.0,05/15/2018
Jimi: All Is by My Side,rented,0.0,03/22/2018
Stage Fright,rented,0.0,02/27/2018
Dead Man on Campus,rented,3.0,02/21/2018
22 Jump Street,rented,0.0,02/12/2018
Bridge of Spies,rented,0.0,01/24/2018
Walk Hard: The Dewey Cox Story,rented,4.0,01/19/2018
Dredd,rented,3.0,01/18/2018
Perfume: The Story of a Murderer,rented,4.0,12/27/2017
21 Jump Street,rented,0.0,12/11/2017
The Lost City of Z,rented,2.0,11/28/2017
Excalibur,rented,3.0,11/2/2017
Taxi Driver,rented,2.0,11/1/2017
Michael Collins,rented,3.0,09/26/2017
Snake & Mongoose,rented,3.0,09/19/2017
Get On Up,rented,3.0,08/23/2017
Safety Not Guaranteed,rented,5.0,07/19/2017
Sucker Punch,rented,2.0,07/12/2017
The Americanization of Emily,rented,5.0,07/6/2017
25th Hour,rented,4.0,05/24/2017
Evilspeak,rented,1.0,05/23/2017
Hustle & Flow,rented,3.0,05/9/2017
King Solomon's Mines,rented,3.0,04/25/2017
In Time,rented,4.0,04/11/2017
The Eagle,rented,3.0,04/4/2017
Stiletto,rented,1.0,03/31/2017
Punisher: War Zone,rented,2.0,03/23/2017
Shopgirl,rented,0.0,01/4/2017
The Cincinnati Kid,rented,3.0,11/1/2016
The Jungle Book (2016),rented,5.0,10/19/2016
I Saw the Light,rented,3.0,09/15/2016
War,rented,0.0,07/26/2016
An Officer and a Gentleman,rented,3.0,07/18/2016
DOA: Dead or Alive,rented,3.0,07/13/2016
Papillon,rented,3.0,07/8/2016
The Great Raid,rented,3.0,06/17/2016
A Very Harold & Kumar Christmas,rented,3.0,04/26/2016
Rescue Dawn,rented,3.0,03/16/2016
Hanna,rented,4.0,02/19/2016
There Will Be Blood,rented,1.0,01/20/2016
Eastern Promises,rented,3.0,12/14/2015
Who is Cletis Tout?,rented,3.0,11/25/2015
9,rented,2.0,11/13/2015
Once Upon a Time in the West,rented,0.0,08/17/2015
Inside the Actors Studio: Robin Williams,rented,4.0,08/10/2015
3:10 to Yuma,rented,0.0,07/10/2015
Joe Somebody,rented,3.0,07/1/2015
Vampires,rented,4.0,05/13/2015
The Brothers Bloom,rented,5.0,05/5/2015
The Six Wives of Henry Lefay,rented,4.0,04/30/2015
Pan's Labyrinth,rented,0.0,02/4/2015
John Tucker Must Die,rented,2.0,01/23/2015
Gran Torino,rented,4.0,11/18/2014
The Queen,rented,0.0,10/28/2014
Grizzly,rented,0.0,10/20/2014
Sideways,rented,4.0,10/6/2014
The Prestige,rented,4.0,09/26/2014
Bandidas,rented,4.0,08/11/2014
Adventureland,rented,3.0,08/4/2014
Troop Beverly Hills,rented,3.0,07/10/2014
Run Lola Run,rented,3.0,07/9/2014
Almost Famous,rented,4.0,06/20/2014
Murder by Death,rented,3.0,06/11/2014
Max Payne,rented,3.0,06/2/2014
21 Grams,rented,0.0,04/15/2014
Robot Jox,rented,0.0,03/11/2014
Kinky Boots,rented,4.0,03/1/2014
Just Go with It,rented,2.0,02/14/2014
Big,rented,3.0,02/11/2014
Killing Zoe,rented,0.0,12/7/2013
Secretary,rented,4.0,11/14/2013
Requiem for a Dream,rented,3.0,10/16/2013
Psycho,rented,4.0,09/28/2013
Darkman,rented,2.0,09/16/2013
Dirty Rotten Scoundrels,rented,4.0,08/20/2013
Midnight in Paris,rented,4.0,07/8/2013
Silver Linings Playbook,rented,3.0,06/27/2013
The French Connection,rented,3.0,06/14/2013
King Ralph,rented,3.0,06/4/2013
Pride and Glory,rented,3.0,03/11/2013
The Rocker,rented,3.0,02/5/2013
The Losers,rented,3.0,01/29/2013
JFK: Special Edition,rented,2.0,12/18/2012
J. Edgar,rented,3.0,11/12/2012
Real Steel,rented,4.0,09/20/2012
Cheeky!,rented,0.0,07/14/2012
Anchorman: The Legend of Ron Burgundy,rented,3.0,07/5/2012
Glengarry Glen Ross,rented,3.0,06/13/2012
Cowboys & Aliens,rented,3.0,06/4/2012
The Soloist,rented,3.0,04/30/2012
Charlie Bartlett,rented,5.0,04/19/2012
Nacho Libre,rented,2.0,04/11/2012
Hard Candy,rented,1.0,03/3/2012
It's a Wonderful Life,rented,4.0,02/7/2012
Dirty Pretty Things,rented,1.0,01/24/2012
Get Smart,rented,3.0,01/11/2012
Under Siege,rented,4.0,01/6/2012
Lemmy,rented,4.0,12/24/2011
Get Him to the Greek,rented,3.0,12/21/2011
Tombstone,rented,4.0,12/17/2011
The Frisco Kid,rented,3.0,11/29/2011
Lolita,rented,3.0,11/15/2011
54,rented,3.0,10/26/2011
A History of Violence,rented,2.0,06/30/2011
Chess: In Concert,rented,5.0,06/18/2011
Meet the Robinsons,rented,4.0,06/7/2011
Pirates,rented,1.0,04/11/2011
No Country for Old Men,rented,3.0,12/14/2010
28 Days Later,rented,2.0,08/31/2010
RocknRolla,rented,3.0,08/24/2010
Idiocracy,rented,4.0,08/20/2010
Gorky Park,rented,3.0,06/5/2010
Casino Royale,rented,4.0,05/28/2010
Zombies Gone Wild,rented,1.0,05/19/2010
Suicide Kings,rented,5.0,05/3/2010
Christopher Titus: Love Is Evol,rented,5.0,04/21/2010
(500) Days of Summer,rented,4.0,04/13/2010
Ghost Dog: The Way of the Samurai,rented,3.0,04/8/2010
The Hurt Locker,rented,5.0,03/8/2010
Be Kind Rewind,rented,3.0,03/2/2010
Leaving Las Vegas,rented,3.0,12/16/2009
Alien Trespass,rented,4.0,12/8/2009
Orphan,rented,3.0,11/7/2009
The Hustler,rented,4.0,10/26/2009
Bugsy Malone,rented,4.0,10/2/2009
Black Sheep,rented,3.0,09/21/2009
Gonzo: The Life and Work of Dr. Hunter S. Thompson,rented,3.0,09/17/2009
To Catch a Thief,rented,4.0,09/9/2009
The Big Lebowski,rented,4.0,09/4/2009
Blade Runner,rented,3.0,08/15/2009
The Sting,rented,5.0,08/11/2009
The Score,rented,3.0,07/24/2009
Being John Malkovich,rented,3.0,07/18/2009
A Bridge Too Far,rented,4.0,07/1/2009
Cruel Intentions,rented,4.0,06/23/2009
Womb Raider,rented,2.0,06/10/2009
In Bruges,rented,3.0,05/29/2009
The Quiet American,rented,3.0,05/4/2009
The Big Sleep,rented,3.0,04/21/2009
White Zombie,rented,2.0,04/16/2009
Smokin' Aces,rented,3.0,04/7/2009
Shine a Light,rented,4.0,03/26/2009
Where Eagles Dare,rented,3.0,03/23/2009
The Prestige,rented,4.0,03/3/2009
My Name Is Bruce,rented,4.0,02/24/2009
Never Back Down,rented,3.0,02/10/2009
Kiss Kiss Bang Bang,rented,4.0,02/6/2009
Pineapple Express,rented,3.0,02/2/2009
Unaccompanied Minors,rented,3.0,01/22/2009
The Warriors,rented,3.0,01/16/2009
Michael Clayton,rented,4.0,01/8/2009
Semi-Pro,rented,2.0,12/30/2008
Green Street Hooligans,rented,3.0,12/16/2008
Zombie Strippers,rented,4.0,11/25/2008
Hellboy II: The Golden Army,rented,3.0,11/19/2008
Balls of Fury,rented,3.0,11/13/2008
Lock Stock and Two Smoking Barrels,rented,4.0,11/3/2008
Withnail and I,rented,4.0,10/22/2008
The Assassination of Jesse James by the Coward Robert Ford,rented,4.0,10/7/2008
The Last Detail,rented,2.0,10/1/2008
Safe Men,rented,3.0,09/24/2008
Point Blank,rented,2.0,09/16/2008
Croupier,rented,3.0,09/9/2008
The Great Gatsby,rented,3.0,09/3/2008
High Sierra,rented,3.0,08/26/2008
Rebel Without a Cause,rented,3.0,08/20/2008
Fido,rented,4.0,08/13/2008
The Adventures of Buckaroo Banzai Across the 8th Dimension,rented,4.0,07/28/2008
The Paper,rented,3.0,07/23/2008
The Good the Bad and the Ugly,rented,4.0,07/16/2008
The Sand Pebbles,rented,3.0,07/8/2008
3 Musketeers,rated,5.0,
3000 Miles to Graceland,rated,5.0,
A Fish Called Wanda,rated,5.0,
A Good Old Fashioned Orgy,rated,5.0,
A League of Their Own,rated,5.0,
Accepted,rated,5.0,
Addams Family Values,rated,5.0,
Air Force One,rated,5.0,
Airplane!,rated,5.0,
Aladdin,rated,5.0,
American Beauty,rated,5.0,
American Pie 2,rated,5.0,
American Reunion,rated,5.0,
Animaniacs,rated,5.0,
Anna and the Apocalypse,rated,5.0,
Aquaman,rated,5.0,
Archer,rated,5.0,
Arlington Road,rated,5.0,
Army of Darkness,rated,5.0,
Arrested Development,rated,5.0,
Arrival,rated,5.0,
Avengers: Endgame,rated,5.0,
Beauty and the Beast,rated,5.0,
Beauty and the Beast (2017),rated,5.0,
Before Sunrise,rated,5.0,
Before Sunset,rated,5.0,
Big Hero 6,rated,5.0,
Big Trouble,rated,5.0,
Black Dynamite,rated,5.0,
Black Panther,rated,5.0,
BlacKkKlansman,rated,5.0,
Blazing Saddles,rated,5.0,
Boston Legal,rated,5.0,
Bottle Shock,rated,5.0,
Boy Eats Girl,rated,5.0,
Breaking Bad,rated,5.0,
Brick,rated,5.0,
Brockmire,rated,5.0,
Brotherhood of the Wolf,rated,5.0,
Buffy the Vampire Slayer: The Movie,rated,5.0,
Bullitt,rated,5.0,
Bulworth,rated,5.0,
Butch Cassidy and the Sundance Kid,rated,5.0,
Caddyshack,rated,5.0,
Casablanca,rated,5.0,
Charlie Bartlett,rated,5.0,
Chess: In Concert,rated,5.0,
Christopher Titus: Love Is Evol,rated,5.0,
Clerks III,rated,5.0,
Dead Poets Society,rated,5.0,
Deadpool 2,rated,5.0,
Desperado,rated,5.0,
Despicable Me,rated,5.0,
Dinosaurs,rated,5.0,
Dogma,rated,5.0,
Don't Trust the B---- in Apartment 23,rated,5.0,
Dr. Horrible's Sing-Along Blog,rated,5.0,
Dune,rated,5.0,
Enemy at the Gates,rated,5.0,
Eurotrip,rated,5.0,
Fast & Furious 6,rated,5.0,
Fast Color,rated,5.0,
Fast Five,rated,5.0,
Father Goose,rated,5.0,
Fear and Loathing in Las Vegas,rated,5.0,
Fight Club,rated,5.0,
For Love of the Game,rated,5.0,
Foster's Home for Imaginary Friends,rated,5.0,
Foster's Home for Imaginary Friends,rated,5.0,
Furious 7,rated,5.0,
Futurama,rated,5.0,
G.I. Joe: Retaliation,rated,5.0,
Galaxy Quest,rated,5.0,
Gladiator,rated,5.0,
Gnomeo and Juliet,rated,5.0,
Grumpy Old Men,rated,5.0,
Guardians of the Galaxy,rated,5.0,
Harvey,rated,5.0,
Hell or High Water,rated,5.0,
Highlander,rated,5.0,
Hit & Run,rated,5.0,
Hot Tub Time Machine,rated,5.0,
In the Heat of the Night,rated,5.0,
Indiana Jones and the Last Crusade,rated,5.0,
Inside Man,rated,5.0,
It Follows,rated,5.0,
It Happened One Night,rated,5.0,
John Oliver: Terrifying Times,rated,5.0,
John Wick,rated,5.0,
Jumanji: Welcome to the Jungle,rated,5.0,
Knights of Badassdom,rated,5.0,
Lake Placid,rated,5.0,
Life as a House,rated,5.0,
Logan,rated,5.0,
Mars Attacks!,rated,5.0,
Men in Black,rated,5.0,
Men of Honor,rated,5.0,
Monster Trucks,rated,5.0,
Monty Python and the Holy Grail,rated,5.0,
Mr. Right,rated,5.0,
My Cousin Vinny,rated,5.0,
National Lampoon's Animal House,rated,5.0,
National Lampoon's Christmas Vacation,rated,5.0,
National Lampoon's Van Wilder,rated,5.0,
Necessary Roughness,rated,5.0,
Office Space,rated,5.0,
Oh God!,rated,5.0,
Operation: Endgame,rated,5.0,
Out Cold,rated,5.0,
Over the Hedge,rated,5.0,
Pacific Rim,rated,5.0,
Paddington 2,rated,5.0,
PCU,rated,5.0,
Pinky and the Brain,rated,5.0,
Pleasantville,rated,5.0,
Poolhall Junkies,rated,5.0,
Popstar: Never Stop Never Stopping,rated,5.0,
Psych,rated,5.0,
Ralph Breaks the Internet,rated,5.0,
Red,rated,5.0,
River Monsters,rated,5.0,
Rogue One: A Star Wars Story,rated,5.0,
Romeo + Juliet,rated,5.0,
Rush,rated,5.0,
Russian Ark,rated,5.0,
S.W.A.T.,rated,5.0,
Safety Not Guaranteed,rated,5.0,
Schitt's Creek,rated,5.0,
Secondhand Lions,rated,5.0,
Secretariat,rated,5.0,
Seven,rated,5.0,
Shaun of the Dead,rated,5.0,
Shoot 'Em Up,rated,5.0,
Sky High,rated,5.0,
Slap Shot,rated,5.0,
Sleepers,rated,5.0,
Sneakers,rated,5.0,
Solitary Man,rated,5.0,
Some Like It Hot,rated,5.0,
Sons of Anarchy,rated,5.0,
Spaceballs,rated,5.0,
Spider-Man: Into the Spider-Verse,rated,5.0,
Spies Like Us,rated,5.0,
Spontaneous,rated,5.0,
Sports Night,rated,5.0,
Spy Game,rated,5.0,
St. Trinian's: The Legend of Fritton's Gold,rated,5.0,
Star Trek,rated,5.0,
Stranger Things,rated,5.0,
Street Fighter,rated,5.0,
Stripes,rated,5.0,
Studio 60 on the Sunset Strip,rated,5.0,
Studio 60 on the Sunset Strip: The Complete Series,rated,5.0,
Suicide Kings,rated,5.0,
Takers,rated,5.0,
Terminator 2: Judgment Day,rated,5.0,
Terminator: Dark Fate,rated,5.0,
Thank You for Smoking,rated,5.0,
The Addams Family,rated,5.0,
The Americanization of Emily,rated,5.0,
The Barkley Marathons: The Race That Eats Its Young,rated,5.0,
The Beverly Hillbillies,rated,5.0,
The Big Hit,rated,5.0,
The Blues Brothers,rated,5.0,
The Book of Eli,rated,5.0,
The Boondock Saints,rated,5.0,
The Boondock Saints II: All Saints Day,rated,5.0,
The Breakfast Club,rated,5.0,
The Brothers Bloom,rated,5.0,
The Country Bears,rated,5.0,
The Croods: A New Age,rated,5.0,
The Dark Knight,rated,5.0,
The Death of Stalin,rated,5.0,
The Expendables,rated,5.0,
The Faculty,rated,5.0,
The Finder,rated,5.0,
The Fugitive,rated,5.0,
The Godfather,rated,5.0,
The Good Place,rated,5.0,
The Grand Budapest Hotel,rated,5.0,
The Hangover,rated,5.0,
The Hurt Locker,rated,5.0,
The Jungle Book (2016),rated,5.0,
The Kid Who Would Be King,rated,5.0,
The Last Castle,rated,5.0,
The League,rated,5.0,
The Lego Movie,rated,5.0,
The Lion King,rated,5.0,
The Man Who Killed Hitler and Then the Bigfoot,rated,5.0,
The Man Who Shot Liberty Valance,rated,5.0,
The Mighty Ducks,rated,5.0,
The Muppet Christmas Carol,rated,5.0,
The Muppets Take Manhattan,rated,5.0,
The Mutant Chronicles,rated,5.0,
The Negotiator,rated,5.0,
The Omen,rated,5.0,
The Presidio,rated,5.0,
The Princess Bride,rated,5.0,
The Recruit,rated,5.0,
The Saint,rated,5.0,
The Secret,rated,5.0,
The Shawshank Redemption,rated,5.0,
The Sixth Sense,rated,5.0,
The Sting,rated,5.0,
The Unbearable Weight of Massive Talent,rated,5.0,
The Usual Suspects,rated,5.0,
The Way,rated,5.0,
They Came Together,rated,5.0,
Thor: Ragnarok,rated,5.0,
Three Days of the Condor,rated,5.0,
Top Gun: Maverick,rated,5.0,
Traffic,rated,5.0,
Trigun,rated,5.0,
Two Night Stand,rated,5.0,
Undercover Brother,rated,5.0,
Waiting...,rated,5.0,
War Inc.,rated,5.0,
Warehouse 13,rated,5.0,
Welcome to the Jungle,rated,5.0,
Wet Hot American Summer,rated,5.0,
Wild Hogs,rated,5.0,
Wonder Woman,rated,5.0,
Young Frankenstein,rated,5.0,
Youth in Revolt,rated,5.0,
(500) Days of Summer,rated,4.0,
10 Things I Hate About You,rated,4.0,
101 Dalmatians,rated,4.0,
25th Hour,rated,4.0,
3 Days to Kill,rated,4.0,
30 Days of Night,rated,4.0,
300,rated,4.0,
3rd Rock from the Sun,rated,4.0,
A Beautiful Mind,rated,4.0,
A Bridge Too Far,rated,4.0,
A Bug's Life,rated,4.0,
A Few Good Men,rated,4.0,
A Knight's Tale,rated,4.0,
About Time,rated,4.0,
After the Sunset,rated,4.0,
Alien Trespass,rated,4.0,
Almost Famous,rated,4.0,
Amadeus,rated,4.0,
American Dad!,rated,4.0,
Archangel,rated,4.0,
Armageddon,rated,4.0,
Attack the Block,rated,4.0,
Avatar,rated,4.0,
Avengers: Infinity War,rated,4.0,
Baby Driver,rated,4.0,
Back to the Future,rated,4.0,
Backdraft,rated,4.0,
Ballistic: Ecks vs. Sever,rated,4.0,
Balls Out: Gary the Tennis Coach,rated,4.0,
Bandidas,rated,4.0,
BASEketball,rated,4.0,
Basic,rated,4.0,
Batman Forever,rated,4.0,
Batman Returns,rated,4.0,
Batteries Not Included,rated,4.0,
Battleship,rated,4.0,
Baywatch,rated,4.0,
Beerfest,rated,4.0,
Beethoven,rated,4.0,
Benny and Joon,rated,4.0,
Best in Show,rated,4.0,
Big Little Lies,rated,4.0,
Bill & Ted Face the Music,rated,4.0,
Birdman,rated,4.0,
Black Mass,rated,4.0,
Blade 2,rated,4.0,
Blade Runner 2049,rated,4.0,
Blade Runner: Theatrical Version,rated,4.0,
Blazing Saddles,rated,4.0,
Blow,rated,4.0,
Bob's Burgers,rated,4.0,
Bobby Z,rated,4.0,
Bones Brigade: An Autobiography,rated,4.0,
Booksmart,rated,4.0,
Brewster's Millions,rated,4.0,
Brick Mansions,rated,4.0,
Broken Arrow,rated,4.0,
Bubba Ho-Tep,rated,4.0,
Buffy the Vampire Slayer,rated,4.0,
Bugsy Malone,rated,4.0,
Canadian Bacon,rated,4.0,
Captain America: The Winter Soldier,rated,4.0,
Captain Marvel,rated,4.0,
Carrie,rated,4.0,
Casino Royale,rated,4.0,
Central Intelligence,rated,4.0,
Chaos Theory,rated,4.0,
Chasing Amy,rated,4.0,
Children of Men,rated,4.0,
City of Angels,rated,4.0,
Clerks,rated,4.0,
Clerks 2,rated,4.0,
Clerks: Tenth Anniversary Edition,rated,4.0,
Clerks: Uncensored,rated,4.0,
Clerks: Uncensored,rated,4.0,
Colossal,rated,4.0,
Community,rated,4.0,
Con Air,rated,4.0,
Convoy,rated,4.0,
Crash Pad,rated,4.0,
Crazy Heart,rated,4.0,
Crazy Rich Asians,rated,4.0,
Cruel Intentions,rated,4.0,
Daniel Tosh: Completely Serious,rated,4.0,
Daybreakers,rated,4.0,
Deep Blue Sea,rated,4.0,
Despicable Me 2,rated,4.0,
Die Hard,rated,4.0,
Die in a Gunfight,rated,4.0,
Dilbert,rated,4.0,
Dirty Rotten Scoundrels,rated,4.0,
Dogtown and Z-Boys,rated,4.0,
Don't Tell Mom the Babysitter's Dead,rated,4.0,
Donnie Brasco,rated,4.0,
Donnie Darko,rated,4.0,
Donnie Darko: Director's Cut,rated,4.0,
Dr. Strangelove,rated,4.0,
Dragon Wars,rated,4.0,
Driving Miss Daisy,rated,4.0,
Dumb and Dumber,rated,4.0,
E.T. The Extra-Terrestrial,rated,4.0,
Edge of Tomorrow,rated,4.0,
Elf,rated,4.0,
Empire Records: Remix! Special Fan Edition,rated,4.0,
Enemy of the State,rated,4.0,
Eureka,rated,4.0,
Executive Decision,rated,4.0,
Extra Ordinary,rated,4.0,
F9: The Fast Saga,rated,4.0,
Falling Down,rated,4.0,
Fastlane: The Complete Series,rated,4.0,
FDR: American Badass,rated,4.0,
Ferris Bueller's Day Off,rated,4.0,
Fido,rated,4.0,
Fierce Creatures,rated,4.0,
Finding Neverland,rated,4.0,
Finding You,rated,4.0,
Fist Fight,rated,4.0,
Fletch Lives,rated,4.0,
Ford v Ferrari,rated,4.0,
Four Brothers,rated,4.0,
Fracture,rated,4.0,
Free Guy,rated,4.0,
From Paris with Love,rated,4.0,
Frozen II,rated,4.0,
Futurama the Movie: Bender's Big Score,rated,4.0,
Gabriel Iglesias: Hot and Fluffy,rated,4.0,
Gamer,rated,4.0,
Gangs of New York,rated,4.0,
Gattaca,rated,4.0,
Get Hard,rated,4.0,
Get Out,rated,4.0,
Ghost Rider: Spirit of Vengeance,rated,4.0,
Ghostbusters,rated,4.0,
Ghostbusters: Afterlife,rated,4.0,
Godzilla vs. Kong,rated,4.0,
GoldenEye,rated,4.0,
Gone in 60 Seconds,rated,4.0,
Good Kids,rated,4.0,
Goon,rated,4.0,
Goosebumps,rated,4.0,
Gran Torino,rated,4.0,
Gremlins,rated,4.0,
Grosse Pointe Blank,rated,4.0,
Groundhog Day,rated,4.0,
Guardians of the Galaxy Vol. 2,rated,4.0,
Hacksaw Ridge,rated,4.0,
Hank and Mike,rated,4.0,
Hanna,rated,4.0,
Happy Gilmore,rated,4.0,
Hard Rain,rated,4.0,
Harold & Kumar Go to White Castle,rated,4.0,
Harry and the Hendersons,rated,4.0,
Heat,rated,4.0,
Hercules,rated,4.0,
High Fidelity,rated,4.0,
Honey I Shrunk the Kids,rated,4.0,
Hoodwinked,rated,4.0,
Hook,rated,4.0,
Hopscotch,rated,4.0,
Hot Fuzz,rated,4.0,
Hot Shots! Part Deux,rated,4.0,
Hotel Transylvania 2,rated,4.0,
How to Train Your Dragon,rated,4.0,
How to Train Your Dragon 2,rated,4.0,
I Tonya,rated,4.0,
Identity,rated,4.0,
Idiocracy,rated,4.0,
In & Out,rated,4.0,
In the Heights,rated,4.0,
In the Line of Fire,rated,4.0,
In Time,rated,4.0,
Inception,rated,4.0,
Incredibles 2,rated,4.0,
Independence Day,rated,4.0,
Indiana Jones and the Raiders of the Lost Ark,rated,4.0,
Inside the Actors Studio: Robin Williams,rated,4.0,
Invader Zim,rated,4.0,
Invasion of the Body Snatchers,rated,4.0,
Iron Eagle,rated,4.0,
It (2017),rated,4.0,
It's a Wonderful Life,rated,4.0,
It's the Great Pumpkin Charlie Brown,rated,4.0,
Jaws,rated,4.0,
Jay and Silent Bob Reboot,rated,4.0,
Jay and Silent Bob Strike Back,rated,4.0,
Jennifer's Body,rated,4.0,
John Dies at the End,rated,4.0,
John Wick: Chapter 2,rated,4.0,
John Wick: Chapter 3 - Parabellum,rated,4.0,
Jojo Rabbit,rated,4.0,
Jumanji,rated,4.0,
Jumanji: The Next Level,rated,4.0,
Jumper,rated,4.0,
Jurassic Park,rated,4.0,
Just for Laughs: Stand-Up: Vol. 3: Launching Pad,rated,4.0,
Kick-Ass,rated,4.0,
Kinky Boots,rated,4.0,
Kiss Kiss Bang Bang,rated,4.0,
Knives Out,rated,4.0,
Knockaround Guys,rated,4.0,
Knocked Up,rated,4.0,
Krippendorf's Tribe,rated,4.0,
Leaves of Grass,rated,4.0,
Legion,rated,4.0,
Lemmy,rated,4.0,
Lethal Weapon,rated,4.0,
Lewis Black: Black on Broadway,rated,4.0,
Lilo & Stitch,rated,4.0,
Little Shop of Horrors,rated,4.0,
Lock Stock and Two Smoking Barrels,rated,4.0,
Long Shot,rated,4.0,
Long Way Round,rated,4.0,
Looper,rated,4.0,
Lords of Dogtown,rated,4.0,
Lost in Translation,rated,4.0,
Love Actually,rated,4.0,
Lucky Number Slevin,rated,4.0,
Mad Max: Fury Road,rated,4.0,
Madagascar,rated,4.0,
Mallrats,rated,4.0,
Mean Girls,rated,4.0,
Meet the Robinsons,rated,4.0,
Michael,rated,4.0,
Michael Clayton,rated,4.0,
Midnight in Paris,rated,4.0,
Mission: Impossible - Fallout,rated,4.0,
Monsters Inc.,rated,4.0,
Moonrise Kingdom,rated,4.0,
Moonstruck,rated,4.0,
Mortal Kombat: The Movie,rated,4.0,
Moulin Rouge,rated,4.0,
Mr. & Mrs. Smith,rated,4.0,
Mr. Holland's Opus,rated,4.0,
Mr. Holmes,rated,4.0,
Mulan: Special Edition,rated,4.0,
Muppets from Space,rated,4.0,
My Name Is Bruce,rated,4.0,
National Lampoon's Vacation,rated,4.0,
National Treasure,rated,4.0,
Ned Kelly,rated,4.0,
Network,rated,4.0,
NewsRadio,rated,4.0,
Nick Offerman: American Ham,rated,4.0,
Nine to Five,rated,4.0,
No Time to Die,rated,4.0,
North by Northwest,rated,4.0,
Ocean's 8,rated,4.0,
Ocean's Eleven,rated,4.0,
Old School,rated,4.0,
One Last Thing,rated,4.0,
Open Season,rated,4.0,
Out to Sea,rated,4.0,
Outbreak,rated,4.0,
Overboard,rated,4.0,
ParaNorman,rated,4.0,
Parker,rated,4.0,
Pawn Stars,rated,4.0,
Paycheck,rated,4.0,
Perfume: The Story of a Murderer,rated,4.0,
Pirate Radio,rated,4.0,
Pirates of the Caribbean: The Curse of the Black Pearl,rated,4.0,
Pitch Perfect,rated,4.0,
Planet of the Apes,rated,4.0,
Point Break,rated,4.0,
Pokémon Detective Pikachu,rated,4.0,
Predator,rated,4.0,
Predators,rated,4.0,
Pride and Prejudice and Zombies,rated,4.0,
Psycho,rated,4.0,
Quick Change,rated,4.0,
Quiz Show,rated,4.0,
Ready or Not,rated,4.0,
Ready Player One,rated,4.0,
Real Steel,rated,4.0,
Renfield,rated,4.0,
Rent: Filmed Live on Broadway,rated,4.0,
Reservoir Dogs,rated,4.0,
Revenge of the Nerds,rated,4.0,
Robin Hood,rated,4.0,
Robin Hood: Men in Tights,rated,4.0,
Robin Hood: Prince of Thieves,rated,4.0,
Robin Williams: Live on Broadway,rated,4.0,
Robots,rated,4.0,
Rock-A-Doodle,rated,4.0,
Rocky,rated,4.0,
Roman Holiday,rated,4.0,
Romancing the Stone,rated,4.0,
Rosemary's Baby,rated,4.0,
Sabrina,rated,4.0,
Salt,rated,4.0,
Save the Last Dance,rated,4.0,
Saved!,rated,4.0,
Saving Private Ryan,rated,4.0,
Saving Silverman,rated,4.0,
Schindler's List,rated,4.0,
School of Rock,rated,4.0,
Secretary,rated,4.0,
Seinfeld,rated,4.0,
Serenity,rated,4.0,
Sex Ed,rated,4.0,
Sgt. Bilko,rated,4.0,
Shakespeare in Love,rated,4.0,
Shanghai Noon,rated,4.0,
Shark Tale,rated,4.0,
Shazam!,rated,4.0,
Sherlock Holmes,rated,4.0,
Shine a Light,rated,4.0,
Shrek,rated,4.0,
Shrek,rated,4.0,
Shrek 2,rated,4.0,
Sideways,rated,4.0,
Skyfall,rated,4.0,
Slackers,rated,4.0,
Snowpiercer,rated,4.0,
South Park: Bigger Longer and Uncut,rated,4.0,
Soylent Green,rated,4.0,
Space Cowboys,rated,4.0,
Space Jam,rated,4.0,
Spartacus,rated,4.0,
Speed Racer,rated,4.0,
Spider-Man: Far From Home,rated,4.0,
Spider-Man: Homecoming,rated,4.0,
Split,rated,4.0,
Spotlight,rated,4.0,
Spread,rated,4.0,
St. Trinian's,rated,4.0,
Star Trek IV: The Voyage Home,rated,4.0,
Starship Troopers,rated,4.0,
Starship Troopers: Invasion,rated,4.0,
Stephen King's Children of the Corn,rated,4.0,
Stephen King's It,rated,4.0,
Straight Outta Compton,rated,4.0,
Super Troopers,rated,4.0,
Superfast!,rated,4.0,
Surf's Up,rated,4.0,
Swiss Army Man,rated,4.0,
Tag,rated,4.0,
Tangled,rated,4.0,
Tarzan,rated,4.0,
Tequila Sunrise,rated,4.0,
That's My Bush!,rated,4.0,
The A-Team,rated,4.0,
The Accountant,rated,4.0,
The Adventures of Buckaroo Banzai Across the 8th Dimension,rated,4.0,
The African Queen,rated,4.0,
The Art of the Steal,rated,4.0,
The Assassination of Jesse James by the Coward Robert Ford,rated,4.0,
The Avengers,rated,4.0,
The Big Chill,rated,4.0,
The Big Lebowski,rated,4.0,
The Birds,rated,4.0,
The Bodyguard,rated,4.0,
The Burbs,rated,4.0,
The Cabin in the Woods,rated,4.0,
The Cannonball Run,rated,4.0,
The Christmas Chronicles 2,rated,4.0,
The Croods,rated,4.0,
The Day After Tomorrow,rated,4.0,
The Departed,rated,4.0,
The Devil's Advocate,rated,4.0,
The Dirty Dozen,rated,4.0,
The Edge,rated,4.0,
The Emperor's New Groove,rated,4.0,
The Exorcist,rated,4.0,
The Fate of the Furious,rated,4.0,
The Game,rated,4.0,
The Gentlemen,rated,4.0,
The Good the Bad and the Ugly,rated,4.0,
The Great Escape,rated,4.0,
The Grudge,rated,4.0,
The Guardian,rated,4.0,
The Hitman's Bodyguard,rated,4.0,
The Hustler,rated,4.0,
The Incredibles,rated,4.0,
The Jerk,rated,4.0,
The Judge,rated,4.0,
The King's Man,rated,4.0,
The King's Speech,rated,4.0,
The Last Legion,rated,4.0,
The Last of the Mohicans,rated,4.0,
The Last of the Mohicans,rated,4.0,
The Last Stand,rated,4.0,
The League of Extraordinary Gentlemen,rated,4.0,
The LEGO Batman Movie,rated,4.0,
The Longest Day,rated,4.0,
The Longest Yard,rated,4.0,
The Lord of the Rings: The Return of the King,rated,4.0,
The Magnificent Seven,rated,4.0,
The Maltese Falcon,rated,4.0,
The Martian,rated,4.0,
The Mask,rated,4.0,
The Matrix Resurrections,rated,4.0,
The Money Pit,rated,4.0,
The Mothman Prophecies,rated,4.0,
The Mummy,rated,4.0,
The Naked Gun,rated,4.0,
The Naked Gun 2 1/2: The Smell of Fear,rated,4.0,
The Natural,rated,4.0,
The New Guy,rated,4.0,
The Nines,rated,4.0,
The November Man,rated,4.0,
The Omega Man,rated,4.0,
The Others,rated,4.0,
The Outsiders - The Complete Novel Extended Edition,rated,4.0,
The Pacifier,rated,4.0,
The Parent Trap,rated,4.0,
The Perfect Score,rated,4.0,
The Prestige,rated,4.0,
The Producers,rated,4.0,
The Proposal,rated,4.0,
The Replacements,rated,4.0,
The Reunion,rated,4.0,
The Rock,rated,4.0,
The Rocky Horror Picture Show,rated,4.0,
The Santa Clause,rated,4.0,
The Secret of My Success,rated,4.0,
The Shadow,rated,4.0,
The Shining,rated,4.0,
The Silence of the Lambs,rated,4.0,
The Six Wives of Henry Lefay,rated,4.0,
The Spy Who Dumped Me,rated,4.0,
The Suicide Squad,rated,4.0,
The Terminator,rated,4.0,
The Thomas Crown Affair,rated,4.0,
The Tick,rated,4.0,
The Treasure of the Sierra Madre,rated,4.0,
The War of the Roses,rated,4.0,
The West Wing,rated,4.0,
The World's End,rated,4.0,
Thelma & Louise,rated,4.0,
This Is Spinal Tap,rated,4.0,
This Is the End,rated,4.0,
Thor,rated,4.0,
Three Kings,rated,4.0,
Ticket to Paradise,rated,4.0,
Tinker Tailor Soldier Spy,rated,4.0,
To Catch a Thief,rated,4.0,
To Kill a Mockingbird,rated,4.0,
Tombstone,rated,4.0,
Top Gun,rated,4.0,
Toy Story,rated,4.0,
Trading Places,rated,4.0,
Tremors,rated,4.0,
Tremors 2: Aftershocks,rated,4.0,
True Lies,rated,4.0,
Trumbo,rated,4.0,
Trumbo,rated,4.0,
Turbo,rated,4.0,
Twins,rated,4.0,
Unbreakable Kimmy Schmidt,rated,4.0,
Under Siege,rated,4.0,
Undercover Blues,rated,4.0,
Up in the Air,rated,4.0,
Valerian and the City of a Thousand Planets,rated,4.0,
Vampires,rated,4.0,
Varsity Blues,rated,4.0,
Vegas Vacation,rated,4.0,
Vince Vaughn's Wild West Comedy Show,rated,4.0,
Walk Hard: The Dewey Cox Story,rated,4.0,
Watchmen,rated,4.0,
Water,rated,4.0,
Wayne's World,rated,4.0,
We're the Millers,rated,4.0,
Weird Science,rated,4.0,
Werewolves Within,rated,4.0,
What Lies Beneath,rated,4.0,
What Women Want,rated,4.0,
When Harry Met Sally,rated,4.0,
When We First Met,rated,4.0,
White Collar,rated,4.0,
Winter's Bone,rated,4.0,
Withnail and I,rated,4.0,
xXx: Return of Xander Cage,rated,4.0,
Yesterday,rated,4.0,
Zach Galifianakis: Live at the Purple Onion,rated,4.0,
Zombeavers,rated,4.0,
Zombie Strippers,rated,4.0,
Zombieland: Double Tap,rated,4.0,
Zoom: Academy for Superheroes,rated,4.0,
Zootopia,rated,4.0,
12 Monkeys,rated,3.0,
13 Going on 30,rated,3.0,
1408,rated,3.0,
1408: Unrated Version,rated,3.0,
1941,rated,3.0,
2 Fast 2 Furious,rated,3.0,
2 Guns,rated,3.0,
21,rated,3.0,
3 Ninjas,rated,3.0,
40 Days and 40 Nights,rated,3.0,
54,rated,3.0,
8 Mile,rated,3.0,
A Civil Action,rated,3.0,
A Guide to Recognizing Your Saints,rated,3.0,
A Guy Thing,rated,3.0,
A Long Way Down,rated,3.0,
A Man Apart,rated,3.0,
A Merry Friggin' Christmas,rated,3.0,
A Star Is Born,rated,3.0,
A Streetcar Named Desire,rated,3.0,
A Very Harold & Kumar Christmas,rated,3.0,
Abraham Lincoln: Vampire Hunter,rated,3.0,
Absence of Malice,rated,3.0,
Absolute Power,rated,3.0,
Ace Ventura: Pet Detective,rated,3.0,
Ace Ventura: When Nature Calls,rated,3.0,
Adventureland,rated,3.0,
Adventures in Babysitting,rated,3.0,
Aeon Flux,rated,3.0,
Air America,rated,3.0,
Airheads,rated,3.0,
Alice in Wonderland,rated,3.0,
Alien,rated,3.0,
Alien Apocalypse,rated,3.0,
All Nighter,rated,3.0,
All the President's Men,rated,3.0,
Along Came a Spider,rated,3.0,
Along Came Polly,rated,3.0,
Amelie,rated,3.0,
American Gangster,rated,3.0,
American History X,rated,3.0,
American Hustle,rated,3.0,
American Made,rated,3.0,
American Outlaws,rated,3.0,
American Pie,rated,3.0,
American Psycho,rated,3.0,
American Splendor,rated,3.0,
American Ultra,rated,3.0,
American Wedding,rated,3.0,
An American Tail: Fievel Goes West,rated,3.0,
An American Werewolf in London,rated,3.0,
An American Werewolf in Paris,rated,3.0,
An Officer and a Gentleman,rated,3.0,
Anaconda,rated,3.0,
Analyze This,rated,3.0,
Anastasia,rated,3.0,
Anchorman 2: The Legend Continues,rated,3.0,
Anchorman: The Legend of Ron Burgundy,rated,3.0,
Angel,rated,3.0,
Angels in the Outfield,rated,3.0,
Anger Management,rated,3.0,
Ant-Man,rated,3.0,
Ant-Man and the Wasp,rated,3.0,
Antz,rated,3.0,
Any Given Sunday,rated,3.0,
Apollo 13,rated,3.0,
Arachnophobia,rated,3.0,
Archangel,rated,3.0,
Are You Here,rated,3.0,
Argo,rated,3.0,
Armed and Dangerous,rated,3.0,
Arsenic and Old Lace,rated,3.0,
Arthur,rated,3.0,
Assassins,rated,3.0,
Atomic Blonde,rated,3.0,
Attack of the Killer Tomatoes,rated,3.0,
Austin Powers in Goldmember,rated,3.0,
Austin Powers: International Man of Mystery,rated,3.0,
B. Monkey,rated,3.0,
Babe,rated,3.0,
Back to the Future Part II,rated,3.0,
Back to the Future Part III,rated,3.0,
Bad Boys,rated,3.0,
Bad Boys for Life,rated,3.0,
Bad Boys II,rated,3.0,
Bad Company,rated,3.0,
Bad Santa,rated,3.0,
Bad Teacher,rated,3.0,
Balls of Fury,rated,3.0,
Barbarella,rated,3.0,
Barbershop,rated,3.0,
Batman,rated,3.0,
Batman Begins,rated,3.0,
Batman: The Movie,rated,3.0,
Battle for Terra,rated,3.0,
Battle Royale,rated,3.0,
Be Kind Rewind,rated,3.0,
Beavers: IMAX,rated,3.0,
Beavis and Butt-head,rated,3.0,
Beavis and Butt-head Do America,rated,3.0,
Bedazzled,rated,3.0,
Beetlejuice,rated,3.0,
Before Midnight,rated,3.0,
Behind Enemy Lines,rated,3.0,
Being John Malkovich,rated,3.0,
Beowulf: Director's Cut,rated,3.0,
Beverly Hills Cop,rated,3.0,
Beverly Hills Ninja,rated,3.0,
Bickford Shmeckler's Cool Ideas,rated,3.0,
Big,rated,3.0,
Big Bear,rated,3.0,
Big Daddy,rated,3.0,
Big Fish,rated,3.0,
Big Trouble in Little China,rated,3.0,
Bill & Ted's Excellent Adventure,rated,3.0,
Billy Madison,rated,3.0,
Bio-Dome,rated,3.0,
Bird on a Wire,rated,3.0,
Black Hawk Down,rated,3.0,
Black Knight,rated,3.0,
Black Sheep,rated,3.0,
Black Sheep,rated,3.0,
Blade,rated,3.0,
Blade Runner,rated,3.0,
Blade Runner: Theatrical and Director's Cut,rated,3.0,
Blade Runner: Theatrical Cut,rated,3.0,
Blade: Trinity,rated,3.0,
Blades of Glory,rated,3.0,
Blitz,rated,3.0,
Blood Diamond,rated,3.0,
Blood Into Wine,rated,3.0,
Blue Chips,rated,3.0,
Blue Crush,rated,3.0,
Blues Brothers 2000,rated,3.0,
Bohemian Rhapsody,rated,3.0,
Boiler Room,rated,3.0,
Bolt,rated,3.0,
Bonnie and Clyde,rated,3.0,
Bottle Rocket,rated,3.0,
Bowfinger,rated,3.0,
Bram Stoker's Dracula,rated,3.0,
Brave,rated,3.0,
Braveheart,rated,3.0,
Brazil,rated,3.0,
Brazil: The "Love Conquers All" Version,rated,3.0,
Bridesmaids,rated,3.0,
Bridget Jones's Diary,rated,3.0,
Bring It On,rated,3.0,
Bringing Down the House,rated,3.0,
Brokeback Mountain,rated,3.0,
Brubaker,rated,3.0,
Bruce Almighty,rated,3.0,
Buffaloed,rated,3.0,
Bulletproof Monk,rated,3.0,
But I'm a Cheerleader,rated,3.0,
Can't Hardly Wait,rated,3.0,
Captain America: The First Avenger,rated,3.0,
Captain Ron,rated,3.0,
Carrie,rated,3.0,
Casino Royale,rated,3.0,
Cast Away,rated,3.0,
Catch Me If You Can,rated,3.0,
Changing Lanes,rated,3.0,
Charlie's Angels,rated,3.0,
Charmed,rated,3.0,
Cheats,rated,3.0,
Cheech & Chong's Up in Smoke,rated,3.0,
Cheers,rated,3.0,
Chicago,rated,3.0,
Chicken Run,rated,3.0,
Child's Play,rated,3.0,
Christine,rated,3.0,
Cinderella Man,rated,3.0,
Cinema Paradiso,rated,3.0,
Citizen Kane,rated,3.0,
Classic Albums: Meat Loaf: Bat Out of Hell,rated,3.0,
Cliffhanger,rated,3.0,
Close Encounters of the Third Kind: 30th Anniversary Ultimate Edition,rated,3.0,
Cloudy with a Chance of Meatballs,rated,3.0,
Cloudy with a Chance of Meatballs 2,rated,3.0,
Clue,rated,3.0,
Clueless,rated,3.0,
Cobra,rated,3.0,
Cockneys vs Zombies,rated,3.0,
Cocktail,rated,3.0,
Code Monkeys,rated,3.0,
Coming to America,rated,3.0,
Commando,rated,3.0,
Conan O'Brien Can't Stop,rated,3.0,
Conan the Barbarian,rated,3.0,
Conan the Destroyer,rated,3.0,
Confessions of a Dangerous Mind,rated,3.0,
Congo,rated,3.0,
Conspiracy Theory,rated,3.0,
Constantine,rated,3.0,
Cool Hand Luke,rated,3.0,
Cool Runnings,rated,3.0,
Cool World,rated,3.0,
Corpse Bride,rated,3.0,
Corvette Summer,rated,3.0,
Couples Retreat,rated,3.0,
Coupling,rated,3.0,
Courage the Cowardly Dog,rated,3.0,
Cowboys & Aliens,rated,3.0,
Coyote Ugly,rated,3.0,
Crazy on the Outside,rated,3.0,
Creed,rated,3.0,
Crocodile Dundee,rated,3.0,
Crouching Tiger Hidden Dragon,rated,3.0,
Croupier,rated,3.0,
Cry-Baby,rated,3.0,
Cuban Fury,rated,3.0,
Dances with Wolves,rated,3.0,
Dangerous Liaisons,rated,3.0,
Dante's Peak,rated,3.0,
Daredevil,rated,3.0,
Darkness Falls,rated,3.0,
Dave,rated,3.0,
Dawn of the Dead,rated,3.0,
Dawn of the Dead,rated,3.0,
Days of Thunder,rated,3.0,
Dazed and Confused,rated,3.0,
Dead Man on Campus,rated,3.0,
Dead Men Don't Wear Plaid,rated,3.0,
Death at a Funeral,rated,3.0,
Death to Smoochy,rated,3.0,
Deep Impact,rated,3.0,
Defiance,rated,3.0,
Deliverance,rated,3.0,
Demolition Man,rated,3.0,
Dennis the Menace,rated,3.0,
Desperado / El Mariachi,rated,3.0,
Destination Wedding,rated,3.0,
Deuce Bigalow: Male Gigolo,rated,3.0,
Dexter's Laboratory,rated,3.0,
Dick Tracy,rated,3.0,
Dickie Roberts: Former Child Star,rated,3.0,
Die Another Day,rated,3.0,
Dirty Dancing,rated,3.0,
DOA: Dead or Alive,rated,3.0,
Doctor Strange,rated,3.0,
Doctor Zhivago,rated,3.0,
Dodgeball: A True Underdog Story,rated,3.0,
Dolores Claiborne,rated,3.0,
Don't Be a Menace to South Central While Drinking Your Juice in the Hood,rated,3.0,
Doomsday,rated,3.0,
Double Jeopardy,rated,3.0,
Down Periscope,rated,3.0,
Dr. Dolittle,rated,3.0,
Dr. Dolittle 2,rated,3.0,
Dr. Seuss' The Lorax,rated,3.0,
Dracula: Dead and Loving It,rated,3.0,
Dragnet,rated,3.0,
Dragonheart,rated,3.0,
Dredd,rated,3.0,
Drinking Buddies,rated,3.0,
Driven,rated,3.0,
Drop Dead Gorgeous,rated,3.0,
Dude Where's My Car?,rated,3.0,
Dumb and Dumber: Unrated,rated,3.0,
Dumbo,rated,3.0,
E.T. the Extra-Terrestrial.....,rated,3.0,
Eagle Eye,rated,3.0,
Earth Girls Are Easy,rated,3.0,
Eastern Promises,rated,3.0,
Easy A,rated,3.0,
Ed Wood,rated,3.0,
Eddie Izzard: Circle,rated,3.0,
Eddie Izzard: Dress to Kill,rated,3.0,
Eddie Izzard: Live From Wembley,rated,3.0,
Edward Scissorhands,rated,3.0,
Emmet Otter's Jug-Band Christmas,rated,3.0,
Employee of the Month,rated,3.0,
Encino Man,rated,3.0,
Ender's Game,rated,3.0,
Enter the Dragon,rated,3.0,
Entrapment,rated,3.0,
Eraser,rated,3.0,
Erik the Viking,rated,3.0,
Erin Brockovich,rated,3.0,
Escape from Alcatraz,rated,3.0,
Escape from L.A.,rated,3.0,
Escape from New York,rated,3.0,
Eternals,rated,3.0,
Event Horizon,rated,3.0,
Ever After: A Cinderella Story,rated,3.0,
Every Which Way But Loose,rated,3.0,
Evil Dead 2: Dead by Dawn,rated,3.0,
Evolution,rated,3.0,
Excalibur,rated,3.0,
Extract,rated,3.0,
Face/Off,rated,3.0,
Fahrenheit 451,rated,3.0,
Fallen,rated,3.0,
Family Guy,rated,3.0,
Fantasia,rated,3.0,
Fantasia 2000,rated,3.0,
Far and Away,rated,3.0,
Fast & Furious,rated,3.0,
Fast & Furious Presents: Hobbs & Shaw,rated,3.0,
Fast Times at Ridgemont High,rated,3.0,
Father of the Bride,rated,3.0,
Father of the Bride 2,rated,3.0,
Festival Express,rated,3.0,
Field of Dreams,rated,3.0,
Fighting with My Family,rated,3.0,
Final Destination,rated,3.0,
Final Destination 2,rated,3.0,
Finding Nemo,rated,3.0,
Firestarter,rated,3.0,
Firewall,rated,3.0,
First Knight,rated,3.0,
First Man,rated,3.0,
Flawless,rated,3.0,
Fletch,rated,3.0,
Flight of the Navigator,rated,3.0,
Flubber,rated,3.0,
Fools Rush In,rated,3.0,
Footloose,rated,3.0,
Formula 51,rated,3.0,
Forrest Gump,rated,3.0,
Frasier,rated,3.0,
Freaky Friday,rated,3.0,
Freddy vs. Jason,rated,3.0,
Free Fire,rated,3.0,
Free Willy,rated,3.0,
Frequency,rated,3.0,
Friday,rated,3.0,
Friday Night Lights,rated,3.0,
Friday the 13th,rated,3.0,
Fright Night,rated,3.0,
From Dusk Till Dawn,rated,3.0,
From Here to Eternity,rated,3.0,
Full of It,rated,3.0,
Future Weapons,rated,3.0,
G-Force,rated,3.0,
G.I. Jane,rated,3.0,
Game Night,rated,3.0,
Gangster No. 1,rated,3.0,
Gangster Squad,rated,3.0,
Get Carter,rated,3.0,
Get Him to the Greek,rated,3.0,
Get On Up,rated,3.0,
Get Smart,rated,3.0,
Ghost,rated,3.0,
Ghost Dog: The Way of the Samurai,rated,3.0,
Ghost Rider,rated,3.0,
Ghostbusters,rated,3.0,
Ghostbusters 2,rated,3.0,
Give 'em Hell Malone,rated,3.0,
Gladiator: Extended Edition,rated,3.0,
Glass,rated,3.0,
Glengarry Glen Ross,rated,3.0,
Godzilla: King of the Monsters,rated,3.0,
Gone with the Wind,rated,3.0,
Gonzo: The Life and Work of Dr. Hunter S. Thompson,rated,3.0,
Good Morning Vietnam,rated,3.0,
Good Will Hunting,rated,3.0,
Gorky Park,rated,3.0,
Gosford Park,rated,3.0,
Gravy,rated,3.0,
Grease,rated,3.0,
Great Balls of Fire!,rated,3.0,
Green Street Hooligans,rated,3.0,
Gremlins 2: The New Batch,rated,3.0,
Grumpier Old Men,rated,3.0,
Guarding Tess,rated,3.0,
Guess Who's Coming to Dinner,rated,3.0,
Guns Girls and Gambling,rated,3.0,
Hackers,rated,3.0,
Half Baked,rated,3.0,
Hancock,rated,3.0,
Hannibal,rated,3.0,
Hansel & Gretel: Witch Hunters,rated,3.0,
Happily,rated,3.0,
Harry Potter and the Sorcerer's Stone,rated,3.0,
Hearts Beat Loud,rated,3.0,
Heathers,rated,3.0,
Hellboy,rated,3.0,
Hellboy II: The Golden Army,rated,3.0,
Hercules,rated,3.0,
Hidalgo,rated,3.0,
High Sierra,rated,3.0,
History of the World: Part 1,rated,3.0,
Hitch,rated,3.0,
Hitman's Wife's Bodyguard,rated,3.0,
Hollywood Homicide,rated,3.0,
Home,rated,3.0,
Home Alone 2: Lost in New York,rated,3.0,
Hostage,rated,3.0,
Hot Shots!,rated,3.0,
Hotel Artemis,rated,3.0,
How High,rated,3.0,
How Stella Got Her Groove Back,rated,3.0,
How to Train Your Dragon: The Hidden World,rated,3.0,
Howard the Duck,rated,3.0,
Hudson Hawk,rated,3.0,
Hustle & Flow,rated,3.0,
I Am Legend,rated,3.0,
I Saw the Light,rated,3.0,
I Robot,rated,3.0,
Ice Age,rated,3.0,
In Bruges,rated,3.0,
In the Electric Mist,rated,3.0,
In the Name of the King: A Dungeon Siege Tale,rated,3.0,
Indecent Proposal,rated,3.0,
Interstellar,rated,3.0,
Interview with the Vampire,rated,3.0,
Invictus,rated,3.0,
Iron Man,rated,3.0,
Iron Man 2,rated,3.0,
It Might Get Loud,rated,3.0,
It's a Mad Mad Mad Mad World,rated,3.0,
It's Complicated,rated,3.0,
Izzy Gets the F*ck Across Town,rated,3.0,
J. Edgar,rated,3.0,
Jack,rated,3.0,
Jack Brooks: Monster Slayer,rated,3.0,
Jack Ryan: Shadow Recruit,rated,3.0,
Jackass Forever,rated,3.0,
Jeff Dunham: Spark of Insanity,rated,3.0,
Jerry Maguire,rated,3.0,
Jersey Girl,rated,3.0,
Joe Dirt,rated,3.0,
Joe Somebody,rated,3.0,
Joe's Apartment,rated,3.0,
John Carter,rated,3.0,
Jonah Hex,rated,3.0,
Josie and the Pussycats,rated,3.0,
Journey to the Center of the Earth,rated,3.0,
Judge Dredd,rated,3.0,
Jungle 2 Jungle,rated,3.0,
Junior,rated,3.0,
Juno,rated,3.0,
Jupiter Ascending,rated,3.0,
Jurassic Park III,rated,3.0,
Jurassic World,rated,3.0,
Just Friends,rated,3.0,
Justice League,rated,3.0,
K-19: The Widowmaker,rated,3.0,
Kajillionaire,rated,3.0,
Kate & Leopold,rated,3.0,
Keeping Up with the Joneses,rated,3.0,
Kill Bill: Vol. 1,rated,3.0,
Kill Bill: Vol. 2,rated,3.0,
Killer Elite,rated,3.0,
Killer Klowns from Outer Space,rated,3.0,
Killers,rated,3.0,
Kindergarten Cop,rated,3.0,
King Arthur,rated,3.0,
King Arthur: Legend of the Sword,rated,3.0,
King Kong,rated,3.0,
King Ralph,rated,3.0,
King Solomon's Mines,rated,3.0,
Kingpin,rated,3.0,
Kingsman: The Golden Circle,rated,3.0,
Kiss the Girls,rated,3.0,
Kong: Skull Island,rated,3.0,
Kung Fu Panda,rated,3.0,
Kung Fu Panda 2,rated,3.0,
Labyrinth,rated,3.0,
Ladybugs,rated,3.0,
Land of the Dead,rated,3.0,
Last Man Standing,rated,3.0,
Last Man Standing,rated,3.0,
Law Abiding Citizen,rated,3.0,
Lawless,rated,3.0,
Lawrence of Arabia,rated,3.0,
Layer Cake,rated,3.0,
Leaving Las Vegas,rated,3.0,
Legally Blonde,rated,3.0,
Legend of the Guardians: The Owls of Ga'Hoole,rated,3.0,
Les Misérables,rated,3.0,
Lethal Weapon 2,rated,3.0,
Lethal Weapon 3,rated,3.0,
Lethal Weapon 4,rated,3.0,
Liar Liar,rated,3.0,
Life After People: The Series,rated,3.0,
Limitless,rated,3.0,
Little Miss Sunshine,rated,3.0,
Little Nicky,rated,3.0,
Live Free or Die Hard,rated,3.0,
Logan Lucky,rated,3.0,
Lois & Clark: The New Adventures of Superman,rated,3.0,
Lolita,rated,3.0,
Lord of War,rated,3.0,
Lucy,rated,3.0,
Léon: The Professional,rated,3.0,
Mad Max 2: The Road Warrior,rated,3.0,
Mad Max: Beyond Thunderdome,rated,3.0,
Major League,rated,3.0,
Major League II,rated,3.0,
Major Payne,rated,3.0,
Malcolm in the Middle,rated,3.0,
Mallrats: 10th Anniversary Extended Edition,rated,3.0,
Mamma Mia!,rated,3.0,
Man with the Screaming Brain,rated,3.0,
Masters of the Universe,rated,3.0,
Matchstick Men,rated,3.0,
Maverick,rated,3.0,
Max Payne,rated,3.0,
Meatballs,rated,3.0,
Meet the Fockers,rated,3.0,
Meet the Parents,rated,3.0,
Memento,rated,3.0,
Men in Black 3,rated,3.0,
Men in Black II,rated,3.0,
Men in Black: International,rated,3.0,
Mercury Rising,rated,3.0,
Message in a Bottle,rated,3.0,
Michael Collins,rated,3.0,
Mike Birbiglia: What I Should Have Said Was Nothing: Tales From My Secret Public Journal,rated,3.0,
Mimic,rated,3.0,
Minions,rated,3.0,
Misery,rated,3.0,
Miss Congeniality,rated,3.0,
Mission: Impossible,rated,3.0,
Moana,rated,3.0,
Molly's Game,rated,3.0,
Money Train,rated,3.0,
Monk,rated,3.0,
Monster's Ball,rated,3.0,
Monsters vs. Aliens,rated,3.0,
Monty Python's Life of Brian,rated,3.0,
Moon,rated,3.0,
Mortal Kombat,rated,3.0,
Mr. Deeds,rated,3.0,
Mr. Magorium's Wonder Emporium,rated,3.0,
Mr. Mom,rated,3.0,
Mrs. Doubtfire,rated,3.0,
Multiplicity,rated,3.0,
Munich,rated,3.0,
Muppet Treasure Island,rated,3.0,
Murder at 1600,rated,3.0,
Murder by Death,rated,3.0,
My Fellow Americans,rated,3.0,
My Girl,rated,3.0,
Mystery Men,rated,3.0,
Mystery Alaska,rated,3.0,
Mystic Pizza,rated,3.0,
Mystic River,rated,3.0,
Naked Gun 33 1/3: The Final Insult,rated,3.0,
National Geographic: Inside the U.S. Secret Service,rated,3.0,
National Geographic: Sea Monsters: A Prehistoric Adventure,rated,3.0,
National Lampoon's European Vacation,rated,3.0,
National Treasure: Book of Secrets,rated,3.0,
Natural Born Killers: Director's Cut,rated,3.0,
Navy Seals,rated,3.0,
Need for Speed,rated,3.0,
Nell,rated,3.0,
Never Back Down,rated,3.0,
Night at the Museum,rated,3.0,
Night at the Museum 2: Battle of the Smithsonian,rated,3.0,
Night of the Living Dead,rated,3.0,
Night Watch,rated,3.0,
No Country for Old Men,rated,3.0,
Nothing But Trouble,rated,3.0,
Now You See Me,rated,3.0,
Now You See Me 2,rated,3.0,
O,rated,3.0,
O Brother Where Art Thou?,rated,3.0,
On the Waterfront,rated,3.0,
One Flew Over the Cuckoo's Nest,rated,3.0,
Ong-Bak: The Thai Warrior,rated,3.0,
Open Season 3,rated,3.0,
Operation Dumbo Drop,rated,3.0,
Operation Petticoat,rated,3.0,
Orange County,rated,3.0,
Orgazmo,rated,3.0,
Orphan,rated,3.0,
Out of Africa,rated,3.0,
Out of Sight,rated,3.0,
Over the Top,rated,3.0,
Pacific Rim Uprising,rated,3.0,
Papillon,rated,3.0,
Passenger 57,rated,3.0,
Paul Mooney: Know Your History,rated,3.0,
Payback,rated,3.0,
Payback: Straight Up: The Director's Cut,rated,3.0,
Penguins of Madagascar,rated,3.0,
Percy Jackson & the Olympians: The Lightning Thief,rated,3.0,
Phantoms,rated,3.0,
Phenomenon,rated,3.0,
Phone Booth,rated,3.0,
Pig,rated,3.0,
Pineapple Express,rated,3.0,
Pitch Black,rated,3.0,
Playing with Fire,rated,3.0,
Police Academy: Special Edition,rated,3.0,
Porky's,rated,3.0,
Poseidon,rated,3.0,
Predator 2,rated,3.0,
Pretty in Pink,rated,3.0,
Pride and Glory,rated,3.0,
Prince of Persia: The Sands of Time,rated,3.0,
Problem Child / Problem Child 2,rated,3.0,
Psycho,rated,3.0,
Public Enemies,rated,3.0,
Quantum of Solace,rated,3.0,
Quarantine,rated,3.0,
Quest for Camelot,rated,3.0,
Rachel Getting Married,rated,3.0,
Rain Man,rated,3.0,
Raising Hope,rated,3.0,
Rambo,rated,3.0,
Rampage,rated,3.0,
Rapture-Palooza,rated,3.0,
Ratatouille,rated,3.0,
Ready to Rumble,rated,3.0,
Reality Bites,rated,3.0,
Rebel Without a Cause,rated,3.0,
Red 2,rated,3.0,
Red Dragon,rated,3.0,
Red Eye,rated,3.0,
Redbelt,rated,3.0,
Reign of Fire,rated,3.0,
Remember the Titans,rated,3.0,
Rent,rated,3.0,
Requiem for a Dream,rated,3.0,
Rescue Dawn,rated,3.0,
Resident Evil,rated,3.0,
Resident Evil: Extinction,rated,3.0,
Richard Pryor: Here and Now,rated,3.0,
Richie Rich,rated,3.0,
Road House,rated,3.0,
Road to Perdition,rated,3.0,
Road Trip,rated,3.0,
Rob Roy,rated,3.0,
Robin Hood,rated,3.0,
RoboCop,rated,3.0,
Rock of Ages,rated,3.0,
Rock Star,rated,3.0,
RocknRolla,rated,3.0,
Rocky II,rated,3.0,
Rocky III,rated,3.0,
Role Models,rated,3.0,
Ronin,rated,3.0,
Rookie of the Year,rated,3.0,
Rudy,rated,3.0,
Run Lola Run,rated,3.0,
Rush Hour,rated,3.0,
Rush Hour 2,rated,3.0,
Russell Brand in New York City,rated,3.0,
Safe Men,rated,3.0,
Saturday Night Live: The Best of Chris Farley,rated,3.0,
Saturday Night Live: The Best of John Belushi,rated,3.0,
Saving Mr. Banks,rated,3.0,
Say Anything...,rated,3.0,
Scarface,rated,3.0,
Scary Movie,rated,3.0,
Scent of a Woman,rated,3.0,
Scotland PA,rated,3.0,
Scream,rated,3.0,
Scream 2,rated,3.0,
Scrooged,rated,3.0,
Scrubs,rated,3.0,
SeaQuest DSV,rated,3.0,
Searching for Bobby Fischer,rated,3.0,
Season of the Witch,rated,3.0,
Secret Window,rated,3.0,
Senna,rated,3.0,
Serpico,rated,3.0,
Shadow of the Vampire,rated,3.0,
Shaft,rated,3.0,
Shakespeare Retold,rated,3.0,
Shang-Chi and the Legend of the Ten Rings,rated,3.0,
Shanghai Knights,rated,3.0,
Shaolin Soccer,rated,3.0,
She's All That,rated,3.0,
Sherlock Holmes: A Game of Shadows,rated,3.0,
Shooter,rated,3.0,
Short Circuit,rated,3.0,
Shrek Forever After,rated,3.0,
Shrek the Third,rated,3.0,
Shutter Island,rated,3.0,
Sicario,rated,3.0,
Silver Linings Playbook,rated,3.0,
Silver Streak,rated,3.0,
Sin City,rated,3.0,
Singles,rated,3.0,
Sister Act,rated,3.0,
Sisters,rated,3.0,
Sixteen Candles,rated,3.0,
Sky Captain and the World of Tomorrow,rated,3.0,
Sleepless in Seattle,rated,3.0,
Sleepy Hollow,rated,3.0,
Small Soldiers,rated,3.0,
Smart People,rated,3.0,
Smokey and the Bandit,rated,3.0,
Smokin' Aces,rated,3.0,
Snake & Mongoose,rated,3.0,
Snake Eyes: G.I. Joe Origins,rated,3.0,
Snakes on a Plane,rated,3.0,
Snatch,rated,3.0,
Sniper,rated,3.0,
Snow Day,rated,3.0,
Soldier,rated,3.0,
Solo: A Star Wars Story,rated,3.0,
Something's Gotta Give,rated,3.0,
Son in Law,rated,3.0,
Sonic the Hedgehog,rated,3.0,
Sonic the Hedgehog 2,rated,3.0,
Sorry to Bother You,rated,3.0,
Species,rated,3.0,
Speed,rated,3.0,
Sphere,rated,3.0,
Spider-Man,rated,3.0,
Spider-Man 2,rated,3.0,
Spider-Man: No Way Home,rated,3.0,
Splash,rated,3.0,
Spy Hard,rated,3.0,
Spy Kids,rated,3.0,
Stan Helsing,rated,3.0,
Star Trek Beyond,rated,3.0,
Star Trek II: The Wrath of Khan,rated,3.0,
Star Trek Into Darkness,rated,3.0,
Star Trek: Generations,rated,3.0,
Star Wars: Episode I: The Phantom Menace,rated,3.0,
Starsky & Hutch,rated,3.0,
Step Brothers,rated,3.0,
Step Up,rated,3.0,
Step Up 2: The Streets,rated,3.0,
Stepmom,rated,3.0,
Stick It,rated,3.0,
Storage Wars,rated,3.0,
Striptease,rated,3.0,
Suicide Squad,rated,3.0,
Super Size Me,rated,3.0,
Super Troopers 2,rated,3.0,
Superman: The Movie,rated,3.0,
Surrogates,rated,3.0,
Sweeney Todd,rated,3.0,
Swingers,rated,3.0,
Swiss Family Robinson,rated,3.0,
Swordfish,rated,3.0,
Taken,rated,3.0,
Talladega Nights: The Ballad of Ricky Bobby,rated,3.0,
Tango & Cash,rated,3.0,
Team America: World Police,rated,3.0,
Tears of the Sun,rated,3.0,
Teenage Mutant Ninja Turtles: Out of the Shadows,rated,3.0,
Teenage Mutant Ninja Turtles: The Original Movie,rated,3.0,
Tenacious D in: The Pick of Destiny,rated,3.0,
Terminator 3: Rise of the Machines,rated,3.0,
Terminator Genisys,rated,3.0,
The 13th Warrior,rated,3.0,
The 40-Year-Old Virgin,rated,3.0,
The Abyss,rated,3.0,
The American President,rated,3.0,
The Angry Beavers,rated,3.0,
The Animatrix,rated,3.0,
The Bank Job,rated,3.0,
The Basketball Diaries,rated,3.0,
The Battleship Potemkin,rated,3.0,
The Beach Bum,rated,3.0,
The Best of Times,rated,3.0,
The BFG,rated,3.0,
The Big Bang Theory,rated,3.0,
The Big Sleep,rated,3.0,
The Big Tease,rated,3.0,
The Birdcage,rated,3.0,
The Blair Witch Project,rated,3.0,
The Blind Side,rated,3.0,
The Boss Baby,rated,3.0,
The Bounty Hunter,rated,3.0,
The Brothers Grimm,rated,3.0,
The Cell,rated,3.0,
The Chase,rated,3.0,
The Chronicles of Riddick,rated,3.0,
The Cincinnati Kid,rated,3.0,
The Cleveland Show,rated,3.0,
The Color of Money,rated,3.0,
The Computer Wore Tennis Shoes,rated,3.0,
The Contract,rated,3.0,
The Core,rated,3.0,
The Corruptor,rated,3.0,
The Count of Monte Cristo,rated,3.0,
The Craft,rated,3.0,
The Crow,rated,3.0,
The Curious Case of Benjamin Button,rated,3.0,
The Cutting Edge,rated,3.0,
The Darkest Minds,rated,3.0,
The Day of the Dolphin,rated,3.0,
The Debt,rated,3.0,
The Deer Hunter,rated,3.0,
The Devil's Tomb,rated,3.0,
The Eagle,rated,3.0,
The Estate,rated,3.0,
The Evil Dead,rated,3.0,
The Exorcism of Emily Rose,rated,3.0,
The Expendables 2,rated,3.0,
The Expendables 3,rated,3.0,
The Fast and the Furious,rated,3.0,
The Fifth Element,rated,3.0,
The Firm,rated,3.0,
The First Wives Club,rated,3.0,
The Five-Year Engagement,rated,3.0,
The Flight of the Phoenix,rated,3.0,
The Flintstones,rated,3.0,
The French Connection,rated,3.0,
The Frisco Kid,rated,3.0,
The Full Monty,rated,3.0,
The Ghost and the Darkness,rated,3.0,
The Girl with the Dragon Tattoo,rated,3.0,
The Golden Child,rated,3.0,
The Good Son,rated,3.0,
The Goods: Live Hard Sell Hard,rated,3.0,
The Goonies,rated,3.0,
The Graduate,rated,3.0,
The Grand,rated,3.0,
The Gray Man,rated,3.0,
The Great Gatsby,rated,3.0,
The Great Muppet Caper,rated,3.0,
The Great Raid,rated,3.0,
The Great Wall,rated,3.0,
The Greatest Showman,rated,3.0,
The Green Mile,rated,3.0,
The Grim Adventures of Billy & Mandy,rated,3.0,
The Hateful Eight,rated,3.0,
The Hebrew Hammer,rated,3.0,
The Hero,rated,3.0,
The Hitchhiker's Guide to the Galaxy,rated,3.0,
The House Bunny,rated,3.0,
The Hunger Games,rated,3.0,
The Hunt for Red October,rated,3.0,
The Hunted,rated,3.0,
The Hurricane,rated,3.0,
The Hustle,rated,3.0,
The Imaginarium of Doctor Parnassus,rated,3.0,
The Interpreter,rated,3.0,
The Invention of Lying,rated,3.0,
The Invisible,rated,3.0,
The Island,rated,3.0,
The Italian Job,rated,3.0,
The Jackal,rated,3.0,
The Jewel of the Nile,rated,3.0,
The Joneses,rated,3.0,
The Jungle Book,rated,3.0,
The Karate Kid Part II,rated,3.0,
The Kid Detective,rated,3.0,
The Last Boy Scout,rated,3.0,
The Last Starfighter,rated,3.0,
The Last Witch Hunter,rated,3.0,
The Layover,rated,3.0,
The Legend of Zorro,rated,3.0,
The LEGO Ninjago Movie,rated,3.0,
The Life of David Gale,rated,3.0,
The Lion King,rated,3.0,
The Little Mermaid,rated,3.0,
The Long Kiss Goodnight,rated,3.0,
The Lookout,rated,3.0,
The Lord of the Rings: The Fellowship of the Ring,rated,3.0,
The Lord of the Rings: The Two Towers,rated,3.0,
The Losers,rated,3.0,
The Lost Boys,rated,3.0,
The Man in the Iron Mask,rated,3.0,
The Man Who Would Be King,rated,3.0,
The Manchurian Candidate,rated,3.0,
The Mask of Zorro,rated,3.0,
The Matador,rated,3.0,
The Matrix,rated,3.0,
The Matrix Reloaded,rated,3.0,
The Matrix Revolutions,rated,3.0,
The Meg,rated,3.0,
The Men Who Stare at Goats,rated,3.0,
The Misfits,rated,3.0,
The Monuments Men,rated,3.0,
The Mummy Returns,rated,3.0,
The Muppet Movie,rated,3.0,
The Net,rated,3.0,
The NeverEnding Story,rated,3.0,
The Newton Boys,rated,3.0,
The Nice Guys,rated,3.0,
The Nightmare Before Christmas,rated,3.0,
The Ninth Gate,rated,3.0,
The Notebook,rated,3.0,
The Nutty Professor,rated,3.0,
The Odd Couple,rated,3.0,
The Old Man & the Gun,rated,3.0,
The Outlaw Josey Wales,rated,3.0,
The Outsiders,rated,3.0,
The Paper,rated,3.0,
The Patriot,rated,3.0,
The Perfect Storm,rated,3.0,
The Phantom of the Opera,rated,3.0,
The PJs,rated,3.0,
The Poseidon Adventure,rated,3.0,
The Princess Diaries,rated,3.0,
The Princess Diaries (Fullscreen),rated,3.0,
The Producers,rated,3.0,
The Punisher,rated,3.0,
The Quick and the Dead,rated,3.0,
The Quiet American,rated,3.0,
The Raid: Redemption,rated,3.0,
The Replacement Killers,rated,3.0,
The Rocker,rated,3.0,
The Rocketeer,rated,3.0,
The Royal Tenenbaums,rated,3.0,
The Rum Diary,rated,3.0,
The Runaways,rated,3.0,
The Rundown,rated,3.0,
The Running Man,rated,3.0,
The Sand Pebbles,rated,3.0,
The Sandlot,rated,3.0,
The Score,rated,3.0,
The Sentinel,rated,3.0,
The Seventh Seal,rated,3.0,
The Shaggy Dog,rated,3.0,
The Shape of Water,rated,3.0,
The Siege,rated,3.0,
The Simpsons Movie,rated,3.0,
The Social Network,rated,3.0,
The Soloist,rated,3.0,
The Sorcerer's Apprentice,rated,3.0,
The Specialist,rated,3.0,
The Station Agent,rated,3.0,
The Stepford Wives,rated,3.0,
The Ten Commandments,rated,3.0,
The Terminal,rated,3.0,
The Thing,rated,3.0,
The Three Musketeers,rated,3.0,
The To Do List,rated,3.0,
The Transporter,rated,3.0,
The Ugly Truth,rated,3.0,
The Untouchables,rated,3.0,
The Visit,rated,3.0,
The War Room,rated,3.0,
The Warriors,rated,3.0,
The Waterboy,rated,3.0,
The Wedding Guest,rated,3.0,
The Wedding Singer,rated,3.0,
The Whole Nine Yards,rated,3.0,
The Wizard of Oz,rated,3.0,
There's Something About Mary,rated,3.0,
They Live,rated,3.0,
Thirteen Days,rated,3.0,
This Means War,rated,3.0,
Thor: Love and Thunder,rated,3.0,
Thor: The Dark World,rated,3.0,
Tig,rated,3.0,
Timecop,rated,3.0,
Tin Cup,rated,3.0,
Titanic,rated,3.0,
Tomb Raider: The Cradle of Life,rated,3.0,
Tommy Boy,rated,3.0,
Tootsie,rated,3.0,
Top Secret!,rated,3.0,
Total Recall,rated,3.0,
Toy Story 2,rated,3.0,
Toy Story 3,rated,3.0,
Training Day,rated,3.0,
Trainspotting,rated,3.0,
Transformers,rated,3.0,
Transporter 2,rated,3.0,
Tron: Legacy,rated,3.0,
Troop Beverly Hills,rated,3.0,
Tropic Thunder,rated,3.0,
True Grit,rated,3.0,
True Grit,rated,3.0,
Tucker: The Man and His Dream,rated,3.0,
Turner and Hooch,rated,3.0,
Twister,rated,3.0,
Two Weeks Notice,rated,3.0,
U-571,rated,3.0,
Unaccompanied Minors,rated,3.0,
Unbreakable,rated,3.0,
Uncle Drew,rated,3.0,
Undead,rated,3.0,
Unfinished Business,rated,3.0,
Unforgiven,rated,3.0,
Unicorn Store,rated,3.0,
Universal Soldier,rated,3.0,
V for Vendetta,rated,3.0,
Van Helsing,rated,3.0,
Vanilla Sky,rated,3.0,
Venom,rated,3.0,
Very Bad Things,rated,3.0,
Victory,rated,3.0,
Volcano,rated,3.0,
Wag the Dog,rated,3.0,
Wall Street,rated,3.0,
Wanted,rated,3.0,
War Dogs,rated,3.0,
WarGames,rated,3.0,
Warm Bodies,rated,3.0,
Wayne's World 2,rated,3.0,
We Bought a Zoo,rated,3.0,
We Were Soldiers,rated,3.0,
Wedding Crashers,rated,3.0,
Weekend at Bernie's,rated,3.0,
West Side Story,rated,3.0,
Wet Hot American Summer: First Day of Camp,rated,3.0,
What We Do in the Shadows,rated,3.0,
Where Eagles Dare,rated,3.0,
Where the Buffalo Roam,rated,3.0,
While You Were Sleeping,rated,3.0,
White Men Can't Jump,rated,3.0,
Who Framed Roger Rabbit,rated,3.0,
Who is Cletis Tout?,rated,3.0,
Wild Things,rated,3.0,
Wild Wild West,rated,3.0,
Willard,rated,3.0,
Willy Wonka & the Chocolate Factory,rated,3.0,
Wings,rated,3.0,
Without a Paddle,rated,3.0,
Witness,rated,3.0,
Workaholics,rated,3.0,
X-Men,rated,3.0,
X-Men 3: The Last Stand,rated,3.0,
X-Men Origins: Wolverine,rated,3.0,
X2: X-Men United,rated,3.0,
xXx,rated,3.0,
xXx: State of the Union,rated,3.0,
Yes Man,rated,3.0,
You've Got Mail,rated,3.0,
Young Guns,rated,3.0,
Zombie Wars,rated,3.0,
Zombieland,rated,3.0,
Zoolander,rated,3.0,
2001: A Space Odyssey,rated,2.0,
28 Days Later,rated,2.0,
50 First Dates,rated,2.0,
9,rated,2.0,
A Christmas Story,rated,2.0,
A History of Violence,rated,2.0,
A Liar's Autobiography: The Untrue Story of Monty Python's Graham Chapman,rated,2.0,
Airplane II: The Sequel,rated,2.0,
Alien vs. Predator,rated,2.0,
Alien vs. Predator: Requiem,rated,2.0,
All the Right Moves,rated,2.0,
Almost Heroes,rated,2.0,
American Assassin,rated,2.0,
Antichrist,rated,2.0,
Beer for My Horses,rated,2.0,
Beer League,rated,2.0,
Beginners,rated,2.0,
Better Luck Tomorrow,rated,2.0,
Black Swan,rated,2.0,
Black Widow,rated,2.0,
Blackballed: The Bobby Dukes Story,rated,2.0,
BloodRayne,rated,2.0,
Blue Collar Comedy Tour: The Movie,rated,2.0,
Breakdown,rated,2.0,
Bronson,rated,2.0,
Brooklyn's Finest,rated,2.0,
Buddy Games,rated,2.0,
Camp,rated,2.0,
Candyman,rated,2.0,
Clash of the Titans,rated,2.0,
Contact,rated,2.0,
Criminal,rated,2.0,
Crimson Peak,rated,2.0,
Darkman,rated,2.0,
Dave Chappelle's Block Party,rated,2.0,
Daylight,rated,2.0,
Disturbia,rated,2.0,
Dog,rated,2.0,
Don Peyote,rated,2.0,
Doom,rated,2.0,
Double Dragon,rated,2.0,
Double Team,rated,2.0,
Dreamcatcher,rated,2.0,
Easy Rider,rated,2.0,
Electric Boogaloo: The Wild Untold Story of Cannon Films,rated,2.0,
Elektra,rated,2.0,
Equilibrium,rated,2.0,
Final Fantasy VII: Advent Children,rated,2.0,
First Kid,rated,2.0,
Fried Green Tomatoes,rated,2.0,
Fun with Dick & Jane,rated,2.0,
G.I. Joe: The Rise of Cobra,rated,2.0,
Gentlemen Broncos,rated,2.0,
Get Carter,rated,2.0,
Godzilla,rated,2.0,
Godzilla,rated,2.0,
Gone Girl,rated,2.0,
Good Luck Chuck,rated,2.0,
Good Time,rated,2.0,
Grown Ups,rated,2.0,
Hair,rated,2.0,
Halloween: Resurrection,rated,2.0,
Harold & Kumar Escape from Guantanamo Bay,rated,2.0,
Harry Brown,rated,2.0,
He's Just Not That Into You,rated,2.0,
Hell Comes to Frogtown,rated,2.0,
I Now Pronounce You Chuck and Larry,rated,2.0,
I'll Sleep When I'm Dead,rated,2.0,
In the Army Now,rated,2.0,
Indiana Jones and the Kingdom of the Crystal Skull,rated,2.0,
Indiana Jones and the Temple of Doom,rated,2.0,
Iron Mask,rated,2.0,
Jackie,rated,2.0,
JFK: Special Edition,rated,2.0,
Jim Breuer: Heavy Metal Comedy,rated,2.0,
John Tucker Must Die,rated,2.0,
Johnny Mnemonic,rated,2.0,
Jungle Cruise,rated,2.0,
Jurassic World: Fallen Kingdom,rated,2.0,
Just Go with It,rated,2.0,
Killing Them Softly,rated,2.0,
Kramer vs. Kramer,rated,2.0,
Last Action Hero,rated,2.0,
Lesbian Vampire Killers,rated,2.0,
License to Wed,rated,2.0,
Looney Tunes: Back in Action,rated,2.0,
Lost in La Mancha,rated,2.0,
Lost in Space,rated,2.0,
Love and Other Drugs,rated,2.0,
M,rated,2.0,
MacGruber,rated,2.0,
Mandy,rated,2.0,
Mannequin,rated,2.0,
Me Myself & Irene,rated,2.0,
Mega Shark Versus Giant Octopus,rated,2.0,
Million Dollar Baby,rated,2.0,
Minority Report,rated,2.0,
Mission: Impossible II,rated,2.0,
Mr. Brooks,rated,2.0,
Nacho Libre,rated,2.0,
Napoleon Dynamite,rated,2.0,
New in Town,rated,2.0,
Next,rated,2.0,
Nosferatu: Original Version,rated,2.0,
Old Dogs,rated,2.0,
Olympus Has Fallen,rated,2.0,
Once Upon a Time in Hollywood,rated,2.0,
Once Upon a Time in Mexico,rated,2.0,
One for the Money,rated,2.0,
Patch Adams,rated,2.0,
Paul Blart: Mall Cop,rated,2.0,
Pauly Shore is Dead,rated,2.0,
Pearl Harbor,rated,2.0,
Pirates of the Caribbean: At World's End,rated,2.0,
Pirates of the Caribbean: Dead Man's Chest,rated,2.0,
Pitch Perfect 3,rated,2.0,
Planet of the Apes,rated,2.0,
Played,rated,2.0,
Pocahontas,rated,2.0,
Point Blank,rated,2.0,
Poolboy: Drowning Out the Fury,rated,2.0,
Pretty Woman,rated,2.0,
Punisher: War Zone,rated,2.0,
R.I.P.D.,rated,2.0,
Rage,rated,2.0,
Raging Bull,rated,2.0,
Rango,rated,2.0,
Ransom,rated,2.0,
Rat Race,rated,2.0,
Real Genius,rated,2.0,
Revolver,rated,2.0,
Right at Your Door,rated,2.0,
Risky Business,rated,2.0,
Roast of Bob Saget: Uncensored Extended,rated,2.0,
Rock the Kasbah,rated,2.0,
Rubber,rated,2.0,
Rules of Engagement,rated,2.0,
Safe,rated,2.0,
Selena,rated,2.0,
Semi-Pro,rated,2.0,
Seven Psychopaths,rated,2.0,
Seven Years in Tibet,rated,2.0,
Sin City: A Dame to Kill For,rated,2.0,
Smiley Face,rated,2.0,
Southland Tales,rated,2.0,
Space Jam: A New Legacy,rated,2.0,
Space Station 76,rated,2.0,
Spaceballs: The Animated Series,rated,2.0,
Spawn: The Movie,rated,2.0,
Spider-Man 3,rated,2.0,
St. Elmo's Fire,rated,2.0,
St. Vincent,rated,2.0,
Star Wars: Episode II: Attack of the Clones,rated,2.0,
Stop! Or My Mom Will Shoot,rated,2.0,
Strange Brew,rated,2.0,
Sucker Punch,rated,2.0,
Summer of Sam,rated,2.0,
Superman Returns,rated,2.0,
Survivor,rated,2.0,
Syriana,rated,2.0,
Take Me Home Tonight,rated,2.0,
Taxi Driver,rated,2.0,
Teenage Mutant Ninja Turtles,rated,2.0,
Tenet,rated,2.0,
That Thing You Do!,rated,2.0,
The Animal,rated,2.0,
The Art of Racing in the Rain,rated,2.0,
The Aviator,rated,2.0,
The Burnt Orange Heresy,rated,2.0,
The Cabinet of Dr. Caligari,rated,2.0,
The Da Vinci Code,rated,2.0,
The Dark Tower,rated,2.0,
The Dead Don't Die,rated,2.0,
The Fast and the Furious: Tokyo Drift,rated,2.0,
The Fly,rated,2.0,
The Gods Must Be Crazy,rated,2.0,
The Godson,rated,2.0,
The Golden Compass,rated,2.0,
The Good German,rated,2.0,
The Great Gatsby,rated,2.0,
The Haunting in Connecticut,rated,2.0,
The Ice Pirates,rated,2.0,
The Karate Kid,rated,2.0,
The Kill Point,rated,2.0,
The Ladykillers,rated,2.0,
The Last Detail,rated,2.0,
The Last Samurai,rated,2.0,
The Longest Yard,rated,2.0,
The Lost City of Z,rated,2.0,
The Magnificent Seven,rated,2.0,
The Man,rated,2.0,
The Mist,rated,2.0,
The Monster Squad,rated,2.0,
The Name of the Rose,rated,2.0,
The Nanny,rated,2.0,
The Paperboy,rated,2.0,
The Phantom,rated,2.0,
The Polar Express,rated,2.0,
The Postman,rated,2.0,
The Prince of Egypt,rated,2.0,
The Queen of Versailles,rated,2.0,
The Rules of Attraction,rated,2.0,
The Santa Clause 2,rated,2.0,
The Sum of All Fears,rated,2.0,
The Super Mario Bros. Super Show!,rated,2.0,
The Talented Mr. Ripley,rated,2.0,
The Truman Show,rated,2.0,
Tomb Raider,rated,2.0,
Tommy,rated,2.0,
Toys,rated,2.0,
Transformers: The Movie,rated,2.0,
U.S. Marshals,rated,2.0,
Vehicle 19,rated,2.0,
Walking Tall,rated,2.0,
Waterworld,rated,2.0,
What Dreams May Come,rated,2.0,
What's Love Got to Do with It,rated,2.0,
White Zombie,rated,2.0,
Wing Commander,rated,2.0,
Womb Raider,rated,2.0,
3 Geezers!,rated,1.0,
Batman & Robin,rated,1.0,
CHiPs,rated,1.0,
Dirty Pretty Things,rated,1.0,
Dolittle,rated,1.0,
Drive,rated,1.0,
Due Date,rated,1.0,
Evilspeak,rated,1.0,
Fargo,rated,1.0,
For Richer or Poorer,rated,1.0,
Happy Feet,rated,1.0,
Hard Candy,rated,1.0,
Horrible Bosses,rated,1.0,
Kung Pow: Enter the Fist,rated,1.0,
Liquid Bridge,rated,1.0,
Melancholia,rated,1.0,
Mulva 2: Kill Teen Ape!,rated,1.0,
Mulva: Zombie Ass Kicker! / Filthy McNasty,rated,1.0,
Nymphoid Barbarian in Dinosaur Hell,rated,1.0,
Pain & Gain,rated,1.0,
Pirates,rated,1.0,
Redneck Zombies,rated,1.0,
Starship Troopers 2: Hero of the Federation,rated,1.0,
Starship Troopers 3: Marauder,rated,1.0,
Stiletto,rated,1.0,
Sucker Punch,rated,1.0,
Superbad,rated,1.0,
Teenage Catgirls in Heat,rated,1.0,
The Chaos Experiment,rated,1.0,
The Hunchback of Notre Dame,rated,1.0,
The Natural History of the Chicken,rated,1.0,
The Vicious Kind,rated,1.0,
The Wolf of Wall Street,rated,1.0,
The Woman,rated,1.0,
There Will Be Blood,rated,1.0,
War of the Worlds,rated,1.0,
Whipped,rated,1.0,
Zodiac,rated,1.0,
Zombies Gone Wild,rated,1.0,
Fantastic Four,rated,-1.0,
Fantastic Four: Rise of the Silver Surfer,rated,-1.0,
Funny Games (US),rated,-1.0,
Grandma's Boy,rated,-1.0,
Jonas Brothers: The Concert Experience,rated,-1.0,
Katt Williams: American Hustle (The Movie),rated,-1.0,
The Interview,rated,-1.0,
Valkyrie,rated,-1.0,
